-- MySQL Script generated by MySQL Workbench
-- Thu Apr  6 22:46:08 2023
-- Model: New Model    Version: 1.0
-- MySQL Workbench Forward Engineering

SET @OLD_UNIQUE_CHECKS=@@UNIQUE_CHECKS, UNIQUE_CHECKS=0;
SET @OLD_FOREIGN_KEY_CHECKS=@@FOREIGN_KEY_CHECKS, FOREIGN_KEY_CHECKS=0;
SET @OLD_SQL_MODE=@@SQL_MODE, SQL_MODE='ONLY_FULL_GROUP_BY,STRICT_TRANS_TABLES,NO_ZERO_IN_DATE,NO_ZERO_DATE,ERROR_FOR_DIVISION_BY_ZERO,NO_ENGINE_SUBSTITUTION';

-- -----------------------------------------------------
-- Schema mydb
-- -----------------------------------------------------
DROP SCHEMA IF EXISTS `mydb` ;

-- -----------------------------------------------------
-- Schema mydb
-- -----------------------------------------------------
CREATE SCHEMA IF NOT EXISTS `mydb` DEFAULT CHARACTER SET utf8 ;
USE `mydb` ;

-- -----------------------------------------------------
-- Table `mydb`.`user`
-- -----------------------------------------------------
DROP TABLE IF EXISTS `mydb`.`user` ;

CREATE TABLE IF NOT EXISTS `mydb`.`user` (
  `id` INT NOT NULL AUTO_INCREMENT,
  `pseudo` VARCHAR(30) NOT NULL,
  PRIMARY KEY (`id`),
  UNIQUE INDEX `pseudo_UNIQUE` (`pseudo` ASC) )
ENGINE = InnoDB;


-- -----------------------------------------------------
-- Table `mydb`.`concert`
-- -----------------------------------------------------
DROP TABLE IF EXISTS `mydb`.`concert` ;

CREATE TABLE IF NOT EXISTS `mydb`.`concert` (
  `id` INT NOT NULL AUTO_INCREMENT,
  `description` TEXT NOT NULL,
  `date` DATE NOT NULL,
  `artiste` TEXT NOT NULL,
  `lieu` TEXT NOT NULL,
  `nb_places` INT NOT NULL,
  PRIMARY KEY (`id`))
ENGINE = InnoDB;


-- -----------------------------------------------------
-- Table `mydb`.`reservation`
-- -----------------------------------------------------
DROP TABLE IF EXISTS `mydb`.`reservation` ;

CREATE TABLE IF NOT EXISTS `mydb`.`reservation` (
  `id` INT NOT NULL AUTO_INCREMENT,
  `user_id` INT NOT NULL,
  `concert_id` INT NOT NULL,
  `statut` ENUM('à confirmer', 'confirmée', 'annulée') NOT NULL,
  `date_reservation` DATETIME NOT NULL,
  PRIMARY KEY (`id`),
  INDEX `fk_reservation_concert1_idx` (`concert_id` ASC) ,
  INDEX `fk_reservation_user_idx` (`user_id` ASC) ,
  CONSTRAINT `fk_reservation_user`
    FOREIGN KEY (`user_id`)
    REFERENCES `mydb`.`user` (`id`)
    ON DELETE NO ACTION
    ON UPDATE NO ACTION,
  CONSTRAINT `fk_reservation_concert1`
    FOREIGN KEY (`concert_id`)
    REFERENCES `mydb`.`concert` (`id`)
    ON DELETE NO ACTION
    ON UPDATE NO ACTION)
ENGINE = InnoDB;

-- ---- INSERT USER ----

INSERT INTO `user` (`id`, `pseudo`) VALUES 
(1, 'Patrickdu44'),
(2, 'JBdu56'),
(3, 'Temalataille');

-- ----- INSERT CONCERT -----

INSERT INTO `concert` (`id`, `description`, `date`, `artiste`, `lieu`, `nb_places`) VALUES
(1,	'Concert dans un bar',	'2023-05-12',	'Ballavoine',	'Salle omnisport de Meriadec',	600);
INSERT INTO `concert` (`id`, `description`, `date`, `artiste`, `lieu`, `nb_places`) VALUES
(2,	'Concert de foo',	'2023-04-23',	'Jule',	'La maison de retraite de Ploudalmézeau ',	25);
INSERT INTO `concert` (`id`, `description`, `date`, `artiste`, `lieu`, `nb_places`) VALUES
(3,	'Concert de foo avec un bar',	'2023-04-23',	'Lomepal',	'Le zenith de Nantes',	10000);

-- ----- INSERT RESERVATION -----

INSERT INTO `reservation` (`user_id`, `concert_id`, `statut`, `date_reservation`) VALUES
(1,	1,	'confirmée',	'2023-04-06 22:56:00'),
(1,	1,	'annulée',	'2023-04-08 23:40:00'),
(1,	3,	'confirmée',	'2023-04-09 20:32:00'),

(2,	1,	'confirmée',	'2023-04-14 12:36:00'),
(2,	2,	'à confirmer',	'2023-04-04 11:52:00'),
(2,	3,	'annulée',	'2023-04-15 03:25:00'),

(3,	1,	'confirmée',	'2023-04-23 10:50:00'),
(3,	2,	'confirmée',	'2023-04-30 09:40:00'),
(3,	1,	'confirmée',	'2023-04-25 08:30:00');

SET SQL_MODE=@OLD_SQL_MODE;
SET FOREIGN_KEY_CHECKS=@OLD_FOREIGN_KEY_CHECKS;
SET UNIQUE_CHECKS=@OLD_UNIQUE_CHECKS;
